{
  "projectId": "41ee9e7c-aac1-095e-1dc1-8e9b41c2b146",
  "isFromTemplate": false,
  "templateId": "templateID_none",
  "opMap": {
    "PropertyChange": {
      "count": 62,
      "seed": "8bmuuesm"
    },
    "RemoveNode": {
      "count": 30,
      "seed": "h7ys4fvg"
    },
    "AddEntity": {
      "count": 25,
      "seed": "5z1u7bll"
    },
    "RemoveEntity": {
      "count": 25,
      "seed": "ejzysqy0"
    },
    "AddEdge": {
      "count": 32,
      "seed": "ai7k17id"
    },
    "SceneDefault": {
      "count": 50,
      "seed": "gssqso49"
    },
    "AddNode": {
      "count": 60,
      "seed": "1m0g3623"
    },
    "PortChange": {
      "count": 65,
      "seed": "tionqclf"
    },
    "RemoveEdge": {
      "count": 18,
      "seed": "xyhd9pe2"
    },
    "GraphDefault": {
      "count": 9,
      "seed": "h3eaz3p8"
    },
    "ParamChange": {
      "count": 11,
      "seed": "3ztaknfa"
    },
    "GroupNodes": {
      "count": 4,
      "seed": "ime0514r"
    },
    "RemoveComponent": {
      "count": 3,
      "seed": "j832gpdi"
    }
  }
}
