{"curContainerId":"3f0f2fd3-d885-f302-84bb-3556689faedf","version":"2.5.2","containers":[{"__class":"Container","__uniqueId":"3f0f2fd3-d885-f302-84bb-3556689faedf","graph":{"__class":"ScriptGraph","__uniqueId":"1919ce0d-38e9-1785-a3a3-999c072ce80d","panelName":"Visual Scripting","graphType":"SCRIPT","editable":true,"transform":{"a":0.7658562896970744,"b":0,"c":0,"d":0.7658562896970744,"e":-38244.959709855604,"f":-37789.63499820203},"transformLocal":{"a":0.7658562896970744,"b":0,"c":0,"d":0.7658562896970744,"e":-38736.959709855604,"f":-38265.63499820203},"scaleTransformLocal":{"a":1,"b":0,"c":0,"d":1,"e":0,"f":0},"nodeList":[{"__class":"ScriptTemplateNode","__uniqueId":"e82a88c6-3435-b072-952f-3867af3b59f3","nodeType":"SCRIPT","position":{"x":50140.15150532428,"y":49806.291678402195},"name":"Update","owner":{"__referenceId":"1919ce0d-38e9-1785-a3a3-999c072ce80d"},"size":{"width":164,"height":92},"description":"Execute the next node in every frame.","category":"Event","deletable":true,"cloneable":true,"inputPorts":[],"outputPorts":[{"__class":"ScriptPort","__uniqueId":"8f323902-0605-9133-ac15-fcfb3f97bbeb","portName":"Next","type":"CONTROL","isInput":false,"isConnected":false,"isDynamic":false,"centerPosition":{"x":50290.15150532428,"y":49854.2916784022},"valueTypeName":"Pulse","portIndex":0,"portValue":null,"visible":true,"refEdges":[],"owner":{"__referenceId":"e82a88c6-3435-b072-952f-3867af3b59f3"},"hideInput":false,"isArray":false,"singleValueType":"Default","generic":null,"valueList":[],"valueListKeys":[],"defaultDisplayName":"Next","defaultDisplayType":"Exec","defaultValueList":[],"addManually":false},{"__class":"ScriptPort","__uniqueId":"1221670c-ec56-b24c-5689-2a43912ad062","portName":"Delta Time","type":"DATA","isInput":false,"isConnected":false,"isDynamic":false,"centerPosition":{"x":50290.15150532428,"y":49878.2916784022},"valueTypeName":"Double","portIndex":1,"portValue":null,"visible":true,"refEdges":[],"owner":{"__referenceId":"e82a88c6-3435-b072-952f-3867af3b59f3"},"hideInput":false,"isArray":false,"singleValueType":"Default","generic":null,"valueList":[],"valueListKeys":[],"defaultDisplayName":"Delta Time","defaultDisplayType":"Number","defaultValueList":[],"addManually":false}],"error":false,"groupEnable":true,"renamable":false,"nodeSettings":[],"defaultDisplayName":"Update","nodeName":"","templateGuid":"76dd06cb-6f7a-60eb-e2fa-c9b10a0c78fc","curSelectedType":"","containResource":false,"version":"1.0.1","compatibleState":0,"addableInputConfig":null,"addableOutputConfig":null,"portAddable":0},{"__class":"ScriptTemplateNode","__uniqueId":"438746e1-abc5-33e3-98f8-06d319bb64a2","nodeType":"SCRIPT","position":{"x":49983.901489977485,"y":49920.67565217312},"name":"Start","owner":{"__referenceId":"1919ce0d-38e9-1785-a3a3-999c072ce80d"},"size":{"width":164,"height":68},"description":"Execute the next node when an effect starts.","category":"Event","deletable":true,"cloneable":true,"inputPorts":[],"outputPorts":[{"__class":"ScriptPort","__uniqueId":"72cf24b4-940a-72c4-a811-06afe4ae8113","portName":"Next","type":"CONTROL","isInput":false,"isConnected":true,"isDynamic":false,"centerPosition":{"x":50133.90148997749,"y":49968.67565217313},"valueTypeName":"Pulse","portIndex":0,"portValue":null,"visible":true,"refEdges":[{"__class":"Edge","__uniqueId":"570b9177-65cf-8fc1-3da0-db128541bead","owner":{"__referenceId":"1919ce0d-38e9-1785-a3a3-999c072ce80d"},"type":"BEZIER","sourcePortPosition":{"x":50133.90148997749,"y":49968.67565217313},"targetPortPosition":{"x":50983.40503131908,"y":50110.072005199676},"sourcePort":{"__referenceId":"72cf24b4-940a-72c4-a811-06afe4ae8113"},"targetPort":{"__class":"ScriptPort","__uniqueId":"8ad76bd0-18bc-b93a-7eb5-a5873530a76b","portName":"Set","type":"CONTROL","isInput":true,"isConnected":true,"isDynamic":false,"centerPosition":{"x":50983.40503131908,"y":50110.072005199676},"valueTypeName":"Pulse","portIndex":0,"portValue":{"type":"Pulse","value":false},"visible":true,"refEdges":[{"__referenceId":"570b9177-65cf-8fc1-3da0-db128541bead"},{"__class":"Edge","__uniqueId":"41c8bfa5-8ef5-6b64-2b17-27abc6c87bee","owner":{"__referenceId":"1919ce0d-38e9-1785-a3a3-999c072ce80d"},"type":"BEZIER","sourcePortPosition":{"x":50863.117111328946,"y":50227.3032389962},"targetPortPosition":{"x":50983.40503131908,"y":50110.072005199676},"sourcePort":{"__class":"ScriptPort","__uniqueId":"22b2ef87-6965-257d-3daa-34d2d76defb0","portName":"Next","type":"CONTROL","isInput":false,"isConnected":true,"isDynamic":false,"centerPosition":{"x":50863.117111328946,"y":50227.3032389962},"valueTypeName":"Pulse","portIndex":0,"portValue":null,"visible":true,"refEdges":[{"__referenceId":"41c8bfa5-8ef5-6b64-2b17-27abc6c87bee"}],"owner":{"__class":"ScriptTemplateNode","__uniqueId":"5a5bfc72-dec8-a051-f956-26c1068b424a","nodeType":"SCRIPT","position":{"x":50713.117111328946,"y":50179.30323899621},"name":"Screen Tap","owner":{"__referenceId":"1919ce0d-38e9-1785-a3a3-999c072ce80d"},"size":{"width":164,"height":92},"description":"Execute the next node when the device screen is tapped. It is executed as soon as the finger touches the device screen.","category":"Event","deletable":true,"cloneable":true,"inputPorts":[],"outputPorts":[{"__referenceId":"22b2ef87-6965-257d-3daa-34d2d76defb0"},{"__class":"ScriptPort","__uniqueId":"b0fe75cc-a512-a37e-f840-508d2485076b","portName":"Position","type":"DATA","isInput":false,"isConnected":false,"isDynamic":false,"centerPosition":{"x":50863.117111328946,"y":50251.3032389962},"valueTypeName":"Vector2f","portIndex":1,"portValue":null,"visible":true,"refEdges":[],"owner":{"__referenceId":"5a5bfc72-dec8-a051-f956-26c1068b424a"},"hideInput":false,"isArray":false,"singleValueType":"Default","generic":null,"valueList":[],"valueListKeys":[],"defaultDisplayName":"Position","defaultDisplayType":"Vec2","defaultValueList":[],"addManually":false}],"error":false,"groupEnable":true,"renamable":false,"nodeSettings":[],"defaultDisplayName":"Screen Tap","nodeName":"","templateGuid":"84ab3541-edc9-e87e-32b1-ab9c4097c856","curSelectedType":"","containResource":false,"version":"2.0.0","compatibleState":0,"addableInputConfig":null,"addableOutputConfig":null,"portAddable":0},"hideInput":false,"isArray":false,"singleValueType":"Default","generic":null,"valueList":[],"valueListKeys":[],"defaultDisplayName":"Next","defaultDisplayType":"Exec","defaultValueList":[],"addManually":false},"targetPort":{"__referenceId":"8ad76bd0-18bc-b93a-7eb5-a5873530a76b"},"isValid":true}],"owner":{"__class":"PropertyNode","__uniqueId":"f98a7bc1-f842-4eed-de17-574671daa72f","nodeType":"SCRIPT","position":{"x":50969.40503131908,"y":50020.072005199676},"name":"critter","owner":{"__referenceId":"1919ce0d-38e9-1785-a3a3-999c072ce80d"},"size":{"width":232,"height":140},"description":"","category":"Pin","deletable":true,"cloneable":true,"inputPorts":[{"__referenceId":"8ad76bd0-18bc-b93a-7eb5-a5873530a76b"},{"__class":"ScriptPort","__uniqueId":"08cd9b00-a2c1-fefa-51a5-e4be9b8e65a4","portName":"Value","type":"DATA","isInput":true,"isConnected":true,"isDynamic":false,"centerPosition":{"x":50983.40503131908,"y":50138.072005199676},"valueTypeName":"Texture2D","portIndex":1,"portValue":{"type":"Texture2D","value":"00000000-0000-0000-0000-000000000021"},"visible":true,"refEdges":[{"__class":"Edge","__uniqueId":"4fe2dce1-2537-ab69-e01d-929e87cca96a","owner":{"__referenceId":"1919ce0d-38e9-1785-a3a3-999c072ce80d"},"type":"BEZIER","sourcePortPosition":{"x":50919.91349121759,"y":49976.63896284077},"targetPortPosition":{"x":50983.40503131908,"y":50138.072005199676},"sourcePort":{"__class":"ScriptPort","__uniqueId":"9716c2bc-9810-53f9-204f-4b6a2282ae39","portName":"Item","type":"DATA","isInput":false,"isConnected":true,"isDynamic":true,"centerPosition":{"x":50919.91349121759,"y":49976.63896284077},"valueTypeName":"Texture2D","portIndex":0,"portValue":null,"visible":true,"refEdges":[{"__referenceId":"4fe2dce1-2537-ab69-e01d-929e87cca96a"}],"owner":{"__class":"ScriptTemplateNode","__uniqueId":"72de4dff-97a6-3183-ad2b-45ed40420981","nodeType":"SCRIPT","position":{"x":50685.91349121759,"y":49928.63896284078},"name":"Get Item from Array","owner":{"__referenceId":"1919ce0d-38e9-1785-a3a3-999c072ce80d"},"size":{"width":248,"height":124},"description":"Get a specific item from an array, supports all variables types.","category":"Utility","deletable":true,"cloneable":true,"inputPorts":[{"__class":"ScriptPort","__uniqueId":"3a3971b2-cbe1-a803-d02f-56b7f427007e","portName":"Index","type":"DATA","isInput":true,"isConnected":true,"isDynamic":false,"centerPosition":{"x":50699.91349121759,"y":50002.63896284077},"valueTypeName":"Int","portIndex":0,"portValue":{"type":"Number","value":7},"visible":true,"refEdges":[{"__class":"Edge","__uniqueId":"06c1e474-75bb-d939-d78b-72ebd402e833","owner":{"__referenceId":"1919ce0d-38e9-1785-a3a3-999c072ce80d"},"type":"BEZIER","sourcePortPosition":{"x":50300.24660422571,"y":50103.35653896801},"targetPortPosition":{"x":50699.91349121759,"y":50002.63896284077},"sourcePort":{"__class":"ScriptPort","__uniqueId":"c995f7f3-8977-f7a0-d30d-0847cf2e21b0","portName":"Result","type":"DATA","isInput":false,"isConnected":true,"isDynamic":true,"centerPosition":{"x":50300.24660422571,"y":50103.35653896801},"valueTypeName":"Double","portIndex":0,"portValue":null,"visible":true,"refEdges":[{"__referenceId":"06c1e474-75bb-d939-d78b-72ebd402e833"}],"owner":{"__class":"ScriptTemplateNode","__uniqueId":"ce5232e1-0164-009e-2ce2-b094cd39284a","nodeType":"SCRIPT","position":{"x":50150.246604225715,"y":50055.356538968015},"name":"Round","owner":{"__referenceId":"1919ce0d-38e9-1785-a3a3-999c072ce80d"},"size":{"width":164,"height":96},"description":"Round the input value to the nearest integer.","category":"Math","deletable":true,"cloneable":true,"inputPorts":[{"__class":"ScriptPort","__uniqueId":"07b6a606-e270-8ab8-f96f-a40ab73f2fc1","portName":"A","type":"DATA","isInput":true,"isConnected":true,"isDynamic":true,"centerPosition":{"x":50164.246604225715,"y":50129.35653896801},"valueTypeName":"Double","portIndex":0,"portValue":{"type":"Number","value":6.778},"visible":true,"refEdges":[{"__class":"Edge","__uniqueId":"55c4fb89-c2e0-494e-2a27-3f005d5793fe","owner":{"__referenceId":"1919ce0d-38e9-1785-a3a3-999c072ce80d"},"type":"BEZIER","sourcePortPosition":{"x":50120.14763929851,"y":50299.27115013812},"targetPortPosition":{"x":50164.246604225715,"y":50129.35653896801},"sourcePort":{"__class":"ScriptPort","__uniqueId":"55bb25e1-0913-7a34-1b73-d9aa608410bd","portName":"Result","type":"DATA","isInput":false,"isConnected":true,"isDynamic":false,"centerPosition":{"x":50120.14763929851,"y":50299.27115013812},"valueTypeName":"Double","portIndex":0,"portValue":null,"visible":true,"refEdges":[{"__referenceId":"55c4fb89-c2e0-494e-2a27-3f005d5793fe"}],"owner":{"__class":"ScriptTemplateNode","__uniqueId":"51f8d80e-7f46-72b6-7de2-aa5b42517924","nodeType":"SCRIPT","position":{"x":49970.14763929851,"y":50251.27115013812},"name":"Random","owner":{"__referenceId":"1919ce0d-38e9-1785-a3a3-999c072ce80d"},"size":{"width":164,"height":124},"description":"Generate a random number within a certain range.","category":"Math","deletable":true,"cloneable":true,"inputPorts":[{"__class":"ScriptPort","__uniqueId":"a4529cbc-0a25-ca9e-5204-de06524c8b57","portName":"Min","type":"DATA","isInput":true,"isConnected":false,"isDynamic":false,"centerPosition":{"x":49984.14763929851,"y":50325.27115013811},"valueTypeName":"Double","portIndex":0,"portValue":{"type":"Number","value":0},"visible":true,"refEdges":[],"owner":{"__referenceId":"51f8d80e-7f46-72b6-7de2-aa5b42517924"},"hideInput":false,"isArray":false,"singleValueType":"Default","generic":null,"valueList":[],"valueListKeys":[],"defaultDisplayName":"Min","defaultDisplayType":"Number","defaultValueList":[],"addManually":false},{"__class":"ScriptPort","__uniqueId":"fb26a229-35b6-a097-87d9-41a35184d559","portName":"Max","type":"DATA","isInput":true,"isConnected":false,"isDynamic":false,"centerPosition":{"x":49984.14763929851,"y":50353.27115013811},"valueTypeName":"Double","portIndex":1,"portValue":{"type":"Number","value":10},"visible":true,"refEdges":[],"owner":{"__referenceId":"51f8d80e-7f46-72b6-7de2-aa5b42517924"},"hideInput":false,"isArray":false,"singleValueType":"Default","generic":null,"valueList":[],"valueListKeys":[],"defaultDisplayName":"Max","defaultDisplayType":"Number","defaultValueList":[],"addManually":false}],"outputPorts":[{"__referenceId":"55bb25e1-0913-7a34-1b73-d9aa608410bd"}],"error":false,"groupEnable":true,"renamable":false,"nodeSettings":[],"defaultDisplayName":"Random","nodeName":"","templateGuid":"3e624cb6-d42e-bc92-4c4c-055462714321","curSelectedType":"","containResource":false,"version":"1.0.2","compatibleState":0,"addableInputConfig":null,"addableOutputConfig":null,"portAddable":0},"hideInput":false,"isArray":false,"singleValueType":"Default","generic":null,"valueList":[],"valueListKeys":[],"defaultDisplayName":"Result","defaultDisplayType":"Number","defaultValueList":[],"addManually":false},"targetPort":{"__referenceId":"07b6a606-e270-8ab8-f96f-a40ab73f2fc1"},"isValid":true}],"owner":{"__referenceId":"ce5232e1-0164-009e-2ce2-b094cd39284a"},"hideInput":false,"isArray":false,"singleValueType":"Default","generic":null,"valueList":[],"valueListKeys":[],"defaultDisplayName":"A","defaultDisplayType":"Number","defaultValueList":[],"addManually":false}],"outputPorts":[{"__referenceId":"c995f7f3-8977-f7a0-d30d-0847cf2e21b0"}],"error":false,"groupEnable":true,"renamable":false,"nodeSettings":[],"defaultDisplayName":"Round","nodeName":"","templateGuid":"4bba441f-078a-ad53-baec-c0a5a153ae99","curSelectedType":"Double","containResource":false,"version":"1.0.1","compatibleState":0,"addableInputConfig":null,"addableOutputConfig":null,"portAddable":0},"hideInput":false,"isArray":false,"singleValueType":"Default","generic":null,"valueList":[],"valueListKeys":[],"defaultDisplayName":"Result","defaultDisplayType":"Number","defaultValueList":[],"addManually":false},"targetPort":{"__referenceId":"3a3971b2-cbe1-a803-d02f-56b7f427007e"},"isValid":true}],"owner":{"__referenceId":"72de4dff-97a6-3183-ad2b-45ed40420981"},"hideInput":false,"isArray":false,"singleValueType":"Default","generic":null,"valueList":[],"valueListKeys":[],"defaultDisplayName":"Index","defaultDisplayType":"Number","defaultValueList":[],"addManually":false},{"__class":"ScriptPort","__uniqueId":"7f80ff2c-2b70-fdec-e06b-6e85c7a01a0d","portName":"{dataType} Array","type":"DATA","isInput":true,"isConnected":true,"isDynamic":true,"centerPosition":{"x":50699.91349121759,"y":50030.63896284078},"valueTypeName":"Array<Texture2D>","portIndex":1,"portValue":{"type":"Array<Texture2D>","value":null},"visible":true,"refEdges":[{"__class":"Edge","__uniqueId":"12f275b3-bfb1-de42-e719-c7cedbf00cab","owner":{"__referenceId":"1919ce0d-38e9-1785-a3a3-999c072ce80d"},"type":"BEZIER","sourcePortPosition":{"x":50642.108583752066,"y":50154.618456604505},"targetPortPosition":{"x":50699.91349121759,"y":50030.63896284078},"sourcePort":{"__class":"ScriptPort","__uniqueId":"9302d9c3-11ef-32dd-ebc1-00991ae9881b","portName":"New","type":"DATA","isInput":false,"isConnected":true,"isDynamic":true,"centerPosition":{"x":50642.108583752066,"y":50154.618456604505},"valueTypeName":"Array<Texture2D>","portIndex":0,"portValue":null,"visible":true,"refEdges":[{"__referenceId":"12f275b3-bfb1-de42-e719-c7cedbf00cab"}],"owner":{"__class":"ScriptTemplateNode","__uniqueId":"19c5d8de-c27a-5004-67a1-e483821c0957","nodeType":"SCRIPT","position":{"x":50415.108583752066,"y":50106.618456604505},"name":"Make Array","owner":{"__referenceId":"1919ce0d-38e9-1785-a3a3-999c072ce80d"},"size":{"width":241,"height":396},"description":"Create multiple items and add them to an array. You can click \"+\" to add more items. All types of variables are supported.","category":"Utility","deletable":true,"cloneable":true,"inputPorts":[{"__class":"ScriptPort","__uniqueId":"c1ce00d7-0074-2817-4436-9b9b93b9e2d6","portName":"Item 0","type":"DATA","isInput":true,"isConnected":false,"isDynamic":true,"centerPosition":{"x":50429.10858375206,"y":50180.6184566045},"valueTypeName":"Texture2D","portIndex":0,"portValue":{"type":"Texture2D","value":"7faa25a0-319e-9093-1bc2-f82e7319903f"},"visible":true,"refEdges":[],"owner":{"__referenceId":"19c5d8de-c27a-5004-67a1-e483821c0957"},"hideInput":false,"isArray":false,"singleValueType":"Default","generic":null,"valueList":[],"valueListKeys":[],"defaultDisplayName":"Item 0","defaultDisplayType":"Texture 2D","defaultValueList":[],"addManually":false},{"__class":"ScriptPort","__uniqueId":"bb01919c-7a0a-4837-3dd9-7d380dfcf633","portName":"Item 1","type":"DATA","isInput":true,"isConnected":false,"isDynamic":true,"centerPosition":{"x":50429.10858375206,"y":50208.6184566045},"valueTypeName":"Texture2D","portIndex":1,"portValue":{"type":"Texture2D","value":"2b5ee07c-7315-fc49-f151-904da3591da3"},"visible":true,"refEdges":[],"owner":{"__referenceId":"19c5d8de-c27a-5004-67a1-e483821c0957"},"hideInput":false,"isArray":false,"singleValueType":"Default","generic":null,"valueList":[],"valueListKeys":[],"defaultDisplayName":"Item 1","defaultDisplayType":"Texture 2D","defaultValueList":[],"addManually":true},{"__class":"ScriptPort","__uniqueId":"ad142686-48e7-8b2a-9451-c8607fe65ff4","portName":"Item 2","type":"DATA","isInput":true,"isConnected":false,"isDynamic":true,"centerPosition":{"x":50429.10858375206,"y":50236.6184566045},"valueTypeName":"Texture2D","portIndex":2,"portValue":{"type":"Texture2D","value":"bead1e5f-27ef-42af-c4d4-a198c871a4cd"},"visible":true,"refEdges":[],"owner":{"__referenceId":"19c5d8de-c27a-5004-67a1-e483821c0957"},"hideInput":false,"isArray":false,"singleValueType":"Default","generic":null,"valueList":[],"valueListKeys":[],"defaultDisplayName":"Item 2","defaultDisplayType":"Texture 2D","defaultValueList":[],"addManually":true},{"__class":"ScriptPort","__uniqueId":"0980ca1f-669b-bec6-ec24-11220697e561","portName":"Item 3","type":"DATA","isInput":true,"isConnected":false,"isDynamic":true,"centerPosition":{"x":50429.108583752066,"y":50264.618456604505},"valueTypeName":"Texture2D","portIndex":3,"portValue":{"type":"Texture2D","value":"63830999-5745-46e6-5744-03a09c9e1761"},"visible":true,"refEdges":[],"owner":{"__referenceId":"19c5d8de-c27a-5004-67a1-e483821c0957"},"hideInput":false,"isArray":false,"singleValueType":"Default","generic":null,"valueList":[],"valueListKeys":[],"defaultDisplayName":"Item 3","defaultDisplayType":"Texture 2D","defaultValueList":[],"addManually":true},{"__class":"ScriptPort","__uniqueId":"c6da5d36-165f-efab-322e-21d000c781ff","portName":"Item 4","type":"DATA","isInput":true,"isConnected":false,"isDynamic":true,"centerPosition":{"x":50429.108583752066,"y":50292.618456604505},"valueTypeName":"Texture2D","portIndex":4,"portValue":{"type":"Texture2D","value":"21ec7d8b-00aa-6e56-b62e-b3745b799a05"},"visible":true,"refEdges":[],"owner":{"__referenceId":"19c5d8de-c27a-5004-67a1-e483821c0957"},"hideInput":false,"isArray":false,"singleValueType":"Default","generic":null,"valueList":[],"valueListKeys":[],"defaultDisplayName":"Item 4","defaultDisplayType":"Texture 2D","defaultValueList":[],"addManually":true},{"__class":"ScriptPort","__uniqueId":"b09087c2-7a77-4e55-fd2a-6b491ac52cba","portName":"Item 5","type":"DATA","isInput":true,"isConnected":false,"isDynamic":true,"centerPosition":{"x":50429.108583752066,"y":50320.6184566045},"valueTypeName":"Texture2D","portIndex":5,"portValue":{"type":"Texture2D","value":"0f469522-a664-e0e7-3ddc-1179d4e51ea5"},"visible":true,"refEdges":[],"owner":{"__referenceId":"19c5d8de-c27a-5004-67a1-e483821c0957"},"hideInput":false,"isArray":false,"singleValueType":"Default","generic":null,"valueList":[],"valueListKeys":[],"defaultDisplayName":"Item 5","defaultDisplayType":"Texture 2D","defaultValueList":[],"addManually":true},{"__class":"ScriptPort","__uniqueId":"407b1788-7f75-434b-ba04-9b7e94a24b2d","portName":"Item 6","type":"DATA","isInput":true,"isConnected":false,"isDynamic":true,"centerPosition":{"x":50429.10858375207,"y":50348.6184566045},"valueTypeName":"Texture2D","portIndex":6,"portValue":{"type":"Texture2D","value":"6473c1ee-3d42-3bef-91a0-8a62882935ab"},"visible":true,"refEdges":[],"owner":{"__referenceId":"19c5d8de-c27a-5004-67a1-e483821c0957"},"hideInput":false,"isArray":false,"singleValueType":"Default","generic":null,"valueList":[],"valueListKeys":[],"defaultDisplayName":"Item 6","defaultDisplayType":"Texture 2D","defaultValueList":[],"addManually":true},{"__class":"ScriptPort","__uniqueId":"b2742461-7fda-4b76-5089-621b807124db","portName":"Item 7","type":"DATA","isInput":true,"isConnected":false,"isDynamic":true,"centerPosition":{"x":50429.10858375207,"y":50376.6184566045},"valueTypeName":"Texture2D","portIndex":7,"portValue":{"type":"Texture2D","value":"efa63f3e-9176-26a2-18a1-e4b6cc8de791"},"visible":true,"refEdges":[],"owner":{"__referenceId":"19c5d8de-c27a-5004-67a1-e483821c0957"},"hideInput":false,"isArray":false,"singleValueType":"Default","generic":null,"valueList":[],"valueListKeys":[],"defaultDisplayName":"Item 7","defaultDisplayType":"Texture 2D","defaultValueList":[],"addManually":true},{"__class":"ScriptPort","__uniqueId":"73c8151b-3f06-aeae-1f50-c91846d6423f","portName":"Item 8","type":"DATA","isInput":true,"isConnected":false,"isDynamic":true,"centerPosition":{"x":50429.10858375207,"y":50404.6184566045},"valueTypeName":"Texture2D","portIndex":8,"portValue":{"type":"Texture2D","value":"bc5a3d40-d074-2b84-db62-73dc66a7522b"},"visible":true,"refEdges":[],"owner":{"__referenceId":"19c5d8de-c27a-5004-67a1-e483821c0957"},"hideInput":false,"isArray":false,"singleValueType":"Default","generic":null,"valueList":[],"valueListKeys":[],"defaultDisplayName":"Item 8","defaultDisplayType":"Texture 2D","defaultValueList":[],"addManually":true},{"__class":"ScriptPort","__uniqueId":"00a6d7f0-0d92-80d6-abc6-46d53d82dcd1","portName":"Item 9","type":"DATA","isInput":true,"isConnected":false,"isDynamic":true,"centerPosition":{"x":50429.10858375207,"y":50432.618456604505},"valueTypeName":"Texture2D","portIndex":9,"portValue":{"type":"Texture2D","value":"ae9469d1-0a38-8758-f1e0-b561a2890d33"},"visible":true,"refEdges":[],"owner":{"__referenceId":"19c5d8de-c27a-5004-67a1-e483821c0957"},"hideInput":false,"isArray":false,"singleValueType":"Default","generic":null,"valueList":[],"valueListKeys":[],"defaultDisplayName":"Item 9","defaultDisplayType":"Texture 2D","defaultValueList":[],"addManually":true},{"__class":"ScriptPort","__uniqueId":"2e9acfe5-b800-cb48-b03f-09f529e3eff8","portName":"Item 10","type":"DATA","isInput":true,"isConnected":false,"isDynamic":true,"centerPosition":{"x":50429.10858375207,"y":50460.6184566045},"valueTypeName":"Texture2D","portIndex":10,"portValue":{"type":"Texture2D","value":"1ce99406-acd5-a2e3-610d-f631c89137bd"},"visible":true,"refEdges":[],"owner":{"__referenceId":"19c5d8de-c27a-5004-67a1-e483821c0957"},"hideInput":false,"isArray":false,"singleValueType":"Default","generic":null,"valueList":[],"valueListKeys":[],"defaultDisplayName":"Item 10","defaultDisplayType":"Texture 2D","defaultValueList":[],"addManually":true}],"outputPorts":[{"__referenceId":"9302d9c3-11ef-32dd-ebc1-00991ae9881b"}],"error":false,"groupEnable":true,"renamable":false,"nodeSettings":[],"defaultDisplayName":"Make Array","nodeName":"","templateGuid":"577b2eb1-ee93-4754-74d4-551e420df32b","curSelectedType":"Texture2D","containResource":false,"version":"3.0.0","compatibleState":0,"addableInputConfig":{"isInput":true,"index":0,"baseName":"Item ","baseNameKey":"graph_port_addable_item","initialStartIndex":1,"increaseStartIndex":12,"isFull":false},"addableOutputConfig":null,"portAddable":1},"hideInput":false,"isArray":false,"singleValueType":"Default","generic":{"T":"T","curSelectType":"Texture2D","originTypeName":"Array","curSelectTypeKey":"graph_type_texture2d"},"valueList":[],"valueListKeys":[],"defaultDisplayName":"New","defaultDisplayType":"Texture 2D Array","defaultValueList":[],"addManually":false},"targetPort":{"__referenceId":"7f80ff2c-2b70-fdec-e06b-6e85c7a01a0d"},"isValid":true}],"owner":{"__referenceId":"72de4dff-97a6-3183-ad2b-45ed40420981"},"hideInput":false,"isArray":false,"singleValueType":"Default","generic":{"T":"T","curSelectType":"Texture2D","originTypeName":"Array","curSelectTypeKey":"graph_type_texture2d"},"valueList":[],"valueListKeys":[],"defaultDisplayName":"Texture 2D Array","defaultDisplayType":"Texture 2D Array","defaultValueList":[],"addManually":false}],"outputPorts":[{"__referenceId":"9716c2bc-9810-53f9-204f-4b6a2282ae39"}],"error":false,"groupEnable":true,"renamable":false,"nodeSettings":[],"defaultDisplayName":"Get Item from Array","nodeName":"","templateGuid":"834af7d5-45f8-a01d-7956-f3hxb9f77efa","curSelectedType":"Texture2D","containResource":false,"version":"2.0.0","compatibleState":0,"addableInputConfig":null,"addableOutputConfig":null,"portAddable":0},"hideInput":false,"isArray":false,"singleValueType":"Default","generic":null,"valueList":[],"valueListKeys":[],"defaultDisplayName":"Item","defaultDisplayType":"Texture 2D","defaultValueList":[],"addManually":false},"targetPort":{"__referenceId":"08cd9b00-a2c1-fefa-51a5-e4be9b8e65a4"},"isValid":true}],"owner":{"__referenceId":"f98a7bc1-f842-4eed-de17-574671daa72f"},"hideInput":false,"isArray":false,"singleValueType":"Default","generic":null,"valueList":[],"valueListKeys":[],"defaultDisplayName":"Value","defaultDisplayType":"Texture 2D","defaultValueList":[],"addManually":false}],"outputPorts":[{"__class":"ScriptPort","__uniqueId":"778ecad0-0200-1740-7313-6f26704314ae","portName":"Trigger","type":"CONTROL","isInput":false,"isConnected":false,"isDynamic":false,"centerPosition":{"x":51187.40503131908,"y":50084.07200519967},"valueTypeName":"Pulse","portIndex":0,"portValue":null,"visible":true,"refEdges":[],"owner":{"__referenceId":"f98a7bc1-f842-4eed-de17-574671daa72f"},"hideInput":false,"isArray":false,"singleValueType":"Default","generic":null,"valueList":[],"valueListKeys":[],"defaultDisplayName":"Trigger","defaultDisplayType":"Exec","defaultValueList":[],"addManually":false}],"error":false,"groupEnable":true,"renamable":false,"nodeSettings":[],"defaultDisplayName":"critter","nodeName":"","accessType":"SETTER","propertyInfo":{"__class":"PropertyInfo","__uniqueId":"8e30b6f2-c42d-cbae-f17e-c17a3100d424","title":"Texture","valueType":"Texture2D","amgProperty":"_AlbedoTexture","amgObjectGuid":["c2a186a3-bbf8-3d1c-dd2f-f4c6d128352f"],"uiAttributes":null,"scriptFileName":"MaterialProperty","amgObjectType":["ResourceItem"],"objectNameConfig":"","propertyNameConfig":""},"pinError":false},"hideInput":false,"isArray":false,"singleValueType":"Default","generic":null,"valueList":[],"valueListKeys":[],"defaultDisplayName":"Set","defaultDisplayType":"Exec","defaultValueList":[],"addManually":false},"isValid":true}],"owner":{"__referenceId":"438746e1-abc5-33e3-98f8-06d319bb64a2"},"hideInput":false,"isArray":false,"singleValueType":"Default","generic":null,"valueList":[],"valueListKeys":[],"defaultDisplayName":"Next","defaultDisplayType":"Exec","defaultValueList":[],"addManually":false}],"error":false,"groupEnable":true,"renamable":false,"nodeSettings":[],"defaultDisplayName":"Start","nodeName":"","templateGuid":"2f0fed0f-5279-9602-3083-5e1fb8163563","curSelectedType":"","containResource":false,"version":"1.0.1","compatibleState":0,"addableInputConfig":null,"addableOutputConfig":null,"portAddable":0},{"__referenceId":"51f8d80e-7f46-72b6-7de2-aa5b42517924"},{"__referenceId":"ce5232e1-0164-009e-2ce2-b094cd39284a"},{"__referenceId":"72de4dff-97a6-3183-ad2b-45ed40420981"},{"__referenceId":"19c5d8de-c27a-5004-67a1-e483821c0957"},{"__referenceId":"f98a7bc1-f842-4eed-de17-574671daa72f"},{"__referenceId":"5a5bfc72-dec8-a051-f956-26c1068b424a"}],"edgeList":[{"__referenceId":"55c4fb89-c2e0-494e-2a27-3f005d5793fe"},{"__referenceId":"12f275b3-bfb1-de42-e719-c7cedbf00cab"},{"__referenceId":"4fe2dce1-2537-ab69-e01d-929e87cca96a"},{"__referenceId":"570b9177-65cf-8fc1-3da0-db128541bead"},{"__referenceId":"06c1e474-75bb-d939-d78b-72ebd402e833"},{"__referenceId":"41c8bfa5-8ef5-6b64-2b17-27abc6c87bee"}],"owner":{"__referenceId":"3f0f2fd3-d885-f302-84bb-3556689faedf"},"showMiniMap":false,"variableList":[{"__class":"GraphVariable","__uniqueId":"7c1c25d6-a952-75a9-8bba-938778184f27","isPublic":false,"variableType":"Number","variableName":"whichtexture","isLocal":false,"isArray":false,"arrayValue":[],"isArrayExpanded":true,"initialValue":0,"owner":null,"settings":[{"key":"graph_details_basic_setting","property":[{"type":"String","section":"graph_details_basic_setting","key":"graph_details_basic_setting_name","value":"Variable 6","editable":true},{"type":"StringList","section":"graph_details_basic_setting","key":"graph_details_basic_setting_type","value":"Number","attribute":{"option":[{"key":"Number","value":"Number"},{"key":"Boolean","value":"Boolean"},{"key":"String","value":"String"},{"key":"Color","value":"Color"},{"key":"Vec2","value":"Vec2"},{"key":"Vec3","value":"Vec3"},{"key":"Vec4","value":"Vec4"},{"key":"Rect","value":"Rect"},{"key":"Texture 2D","value":"Texture 2D"}]},"editable":true},{"type":"StringList","section":"graph_details_basic_setting","key":"graph_details_basic_setting_container","value":"Single","attribute":{"option":[{"key":"Single","value":"Single"},{"key":"Array","value":"Array"}]},"editable":true},{"type":"Value","section":"graph_details_basic_setting","key":"graph_details_basic_setting_default_value","value":0,"attribute":{"graphAttr":{"usedInGraph":true,"usedInVariable":true},"accuracy":3,"height":24,"hexInput":false,"showDecimalZero":true},"editable":true,"otherProps":{}}]}]}],"localVariableList":[],"showVariablePanel":false,"showSubGraphPanel":false},"parent":null,"root":{"__referenceId":"3f0f2fd3-d885-f302-84bb-3556689faedf"},"title":"Main Graph","subContainerManager":{"__class":"SubContainerManager","__uniqueId":"493d345e-5494-2a55-7897-828b68f39e37","owner":{"__referenceId":"3f0f2fd3-d885-f302-84bb-3556689faedf"},"subContainers":[]},"containerType":0}],"panelClosed":false,"panelCollapsed":false,"minimapOpen":false}